{"619621027873423360": {"trackedByID": ["448173528236425216"], "trackedByUser": ["Kopamed#9408"], "username": "Trainer Ash#9871", "premium": "False", "notifySelf": "False", "previous": "unknown"}, "448173528236425216": {"trackedByID": ["448173528236425216"], "trackedByUser": ["Kopamed#9408"], "username": "Kopamed#9408", "premium": "False", "notifySelf": "False", "previous": "unknown"}, "749989132763136021": {"trackedByID": ["448173528236425216", "619621027873423360"], "trackedByUser": ["Kopamed#9408", "Trainer Ash#9871"], "username": "Track Bot#4039", "premium": "False", "notifySelf": "False", "previous": "unknown"}, "695174883977723934": {"trackedByID": ["448173528236425216"], "trackedByUser": ["Kopamed#9408"], "username": "Osoko#8024", "premium": "False", "notifySelf": "False", "previous": "online"}}